"RelationshipID","FromTable","FromColumn","ToTable","ToColumn","Required","OnUpdate","OnDelete","BusinessRule"
"REL-0001","organizations","status_changed_by","user_profiles","id","NO","CASCADE","SET NULL","Status audit strategy Option A: อ้างผู้ใช้ภายนอกที่เปลี่ยนสถานะล่าสุด"
"REL-0002","organizations","created_by","user_profiles","id","NO","CASCADE","SET NULL","Must reference an existing user_profiles record unless nullable."
"REL-0003","organizations","updated_by","user_profiles","id","NO","CASCADE","SET NULL","Must reference an existing user_profiles record unless nullable."
"REL-0004","organizations","deleted_by","user_profiles","id","NO","CASCADE","SET NULL","Must reference an existing user_profiles record unless nullable."
"REL-0005","branches","organization_id","organizations","id","YES","CASCADE","RESTRICT","Must reference an existing organizations record unless nullable."
"REL-0006","branches","status_changed_by","user_profiles","id","NO","CASCADE","SET NULL","Status audit strategy Option A: อ้างผู้ใช้ภายนอกที่เปลี่ยนสถานะล่าสุด"
"REL-0007","branches","created_by","user_profiles","id","NO","CASCADE","SET NULL","Must reference an existing user_profiles record unless nullable."
"REL-0008","branches","updated_by","user_profiles","id","NO","CASCADE","SET NULL","Must reference an existing user_profiles record unless nullable."
"REL-0009","branches","deleted_by","user_profiles","id","NO","CASCADE","SET NULL","Must reference an existing user_profiles record unless nullable."
"REL-0010","branches","parent_branch_id","branches","id","NO","CASCADE","SET NULL","Must reference an existing branches record unless nullable."
"REL-0011","departments","organization_id","organizations","id","YES","CASCADE","RESTRICT","Must reference an existing organizations record unless nullable."
"REL-0012","departments","branch_id","branches","id","NO","CASCADE","SET NULL","Must reference an existing branches record unless nullable."
"REL-0013","departments","status_changed_by","user_profiles","id","NO","CASCADE","SET NULL","Status audit strategy Option A: อ้างผู้ใช้ภายนอกที่เปลี่ยนสถานะล่าสุด"
"REL-0014","departments","created_by","user_profiles","id","NO","CASCADE","SET NULL","Must reference an existing user_profiles record unless nullable."
"REL-0015","departments","updated_by","user_profiles","id","NO","CASCADE","SET NULL","Must reference an existing user_profiles record unless nullable."
"REL-0016","departments","deleted_by","user_profiles","id","NO","CASCADE","SET NULL","Must reference an existing user_profiles record unless nullable."
"REL-0017","departments","parent_department_id","departments","id","NO","CASCADE","SET NULL","Must reference an existing departments record unless nullable."
"REL-0018","teams","organization_id","organizations","id","YES","CASCADE","RESTRICT","Must reference an existing organizations record unless nullable."
"REL-0019","teams","status_changed_by","user_profiles","id","NO","CASCADE","SET NULL","Status audit strategy Option A: อ้างผู้ใช้ภายนอกที่เปลี่ยนสถานะล่าสุด"
"REL-0020","teams","created_by","user_profiles","id","NO","CASCADE","SET NULL","Must reference an existing user_profiles record unless nullable."
"REL-0021","teams","updated_by","user_profiles","id","NO","CASCADE","SET NULL","Must reference an existing user_profiles record unless nullable."
"REL-0022","teams","deleted_by","user_profiles","id","NO","CASCADE","SET NULL","Must reference an existing user_profiles record unless nullable."
"REL-0023","teams","department_id","departments","id","NO","CASCADE","SET NULL","Must reference an existing departments record unless nullable."
"REL-0024","teams","team_lead_user_id","user_profiles","id","NO","CASCADE","SET NULL","Must reference an existing user_profiles record unless nullable."
"REL-0025","positions","organization_id","organizations","id","YES","CASCADE","RESTRICT","Must reference an existing organizations record unless nullable."
"REL-0026","positions","status_changed_by","user_profiles","id","NO","CASCADE","SET NULL","Status audit strategy Option A: อ้างผู้ใช้ภายนอกที่เปลี่ยนสถานะล่าสุด"
"REL-0027","positions","created_by","user_profiles","id","NO","CASCADE","SET NULL","Must reference an existing user_profiles record unless nullable."
"REL-0028","positions","updated_by","user_profiles","id","NO","CASCADE","SET NULL","Must reference an existing user_profiles record unless nullable."
"REL-0029","positions","deleted_by","user_profiles","id","NO","CASCADE","SET NULL","Must reference an existing user_profiles record unless nullable."
"REL-0030","positions","department_id","departments","id","NO","CASCADE","SET NULL","Must reference an existing departments record unless nullable."
"REL-0031","system_settings","organization_id","organizations","id","YES","CASCADE","RESTRICT","Must reference an existing organizations record unless nullable."
"REL-0032","system_settings","status_changed_by","user_profiles","id","NO","CASCADE","SET NULL","Status audit strategy Option A: อ้างผู้ใช้ภายนอกที่เปลี่ยนสถานะล่าสุด"
"REL-0033","system_settings","created_by","user_profiles","id","NO","CASCADE","SET NULL","Must reference an existing user_profiles record unless nullable."
"REL-0034","system_settings","updated_by","user_profiles","id","NO","CASCADE","SET NULL","Must reference an existing user_profiles record unless nullable."
"REL-0035","system_settings","deleted_by","user_profiles","id","NO","CASCADE","SET NULL","Must reference an existing user_profiles record unless nullable."
"REL-0074","user_profiles","organization_id","organizations","id","YES","CASCADE","RESTRICT","Must reference an existing organizations record unless nullable."
"REL-0075","user_profiles","status_changed_by","user_profiles","id","NO","CASCADE","SET NULL","Status audit strategy Option A: อ้างผู้ใช้ภายนอกที่เปลี่ยนสถานะล่าสุด"
"REL-0076","user_profiles","created_by","user_profiles","id","NO","CASCADE","SET NULL","Must reference an existing user_profiles record unless nullable."
"REL-0077","user_profiles","updated_by","user_profiles","id","NO","CASCADE","SET NULL","Must reference an existing user_profiles record unless nullable."
"REL-0078","user_profiles","deleted_by","user_profiles","id","NO","CASCADE","SET NULL","Must reference an existing user_profiles record unless nullable."
"REL-0079","user_profiles","department_id","departments","id","NO","CASCADE","SET NULL","Must reference an existing departments record unless nullable."
"REL-0080","user_profiles","home_project_id","bi_projects","id","NO","CASCADE","SET NULL","Must reference an existing bi_projects record unless nullable."
"REL-0081","user_profiles","position_id","positions","id","NO","CASCADE","SET NULL","Must reference an existing positions record unless nullable."
"REL-0082","roles","organization_id","organizations","id","YES","CASCADE","RESTRICT","Must reference an existing organizations record unless nullable."
"REL-0083","roles","status_changed_by","user_profiles","id","NO","CASCADE","SET NULL","Status audit strategy Option A: อ้างผู้ใช้ภายนอกที่เปลี่ยนสถานะล่าสุด"
"REL-0084","roles","created_by","user_profiles","id","NO","CASCADE","SET NULL","Must reference an existing user_profiles record unless nullable."
"REL-0085","roles","updated_by","user_profiles","id","NO","CASCADE","SET NULL","Must reference an existing user_profiles record unless nullable."
"REL-0086","roles","deleted_by","user_profiles","id","NO","CASCADE","SET NULL","Must reference an existing user_profiles record unless nullable."
"REL-0087","permissions","status_changed_by","user_profiles","id","NO","CASCADE","SET NULL","Status audit strategy Option A: อ้างผู้ใช้ภายนอกที่เปลี่ยนสถานะล่าสุด"
"REL-0088","permissions","created_by","user_profiles","id","NO","CASCADE","SET NULL","Must reference an existing user_profiles record unless nullable."
"REL-0089","permissions","updated_by","user_profiles","id","NO","CASCADE","SET NULL","Must reference an existing user_profiles record unless nullable."
"REL-0090","permissions","deleted_by","user_profiles","id","NO","CASCADE","SET NULL","Must reference an existing user_profiles record unless nullable."
"REL-0091","role_permissions","organization_id","organizations","id","YES","CASCADE","RESTRICT","Must reference an existing organizations record unless nullable."
"REL-0092","role_permissions","status_changed_by","user_profiles","id","NO","CASCADE","SET NULL","Status audit strategy Option A: อ้างผู้ใช้ภายนอกที่เปลี่ยนสถานะล่าสุด"
"REL-0093","role_permissions","created_by","user_profiles","id","NO","CASCADE","SET NULL","Must reference an existing user_profiles record unless nullable."
"REL-0094","role_permissions","updated_by","user_profiles","id","NO","CASCADE","SET NULL","Must reference an existing user_profiles record unless nullable."
"REL-0095","role_permissions","permission_id","permissions","id","YES","CASCADE","RESTRICT","Must reference an existing permissions record unless nullable."
"REL-0096","role_permissions","role_id","roles","id","YES","CASCADE","RESTRICT","Must reference an existing roles record unless nullable."
"REL-0097","user_roles","organization_id","organizations","id","YES","CASCADE","RESTRICT","Must reference an existing organizations record unless nullable."
"REL-0098","user_roles","status_changed_by","user_profiles","id","NO","CASCADE","SET NULL","Status audit strategy Option A: อ้างผู้ใช้ภายนอกที่เปลี่ยนสถานะล่าสุด"
"REL-0099","user_roles","created_by","user_profiles","id","NO","CASCADE","SET NULL","Must reference an existing user_profiles record unless nullable."
"REL-0100","user_roles","updated_by","user_profiles","id","NO","CASCADE","SET NULL","Must reference an existing user_profiles record unless nullable."
"REL-0101","user_roles","deleted_by","user_profiles","id","NO","CASCADE","SET NULL","Must reference an existing user_profiles record unless nullable."
"REL-0102","user_roles","role_id","roles","id","YES","CASCADE","RESTRICT","Must reference an existing roles record unless nullable."
"REL-0103","user_roles","user_id","user_profiles","id","YES","CASCADE","RESTRICT","Must reference an existing user_profiles record unless nullable."
"REL-0125","bi_projects","organization_id","organizations","id","YES","CASCADE","RESTRICT","Must reference an existing organizations record unless nullable."
"REL-0126","bi_projects","branch_id","branches","id","NO","CASCADE","SET NULL","ใช้เมื่อข้อมูลต้องถูกกรองหรือกำหนดสิทธิ์ตามสาขา หากว่างถือว่าเป็นระดับองค์กร"
"REL-0127","bi_projects","status_changed_by","user_profiles","id","NO","CASCADE","SET NULL","Status audit strategy Option A: อ้างผู้ใช้ภายนอกที่เปลี่ยนสถานะล่าสุด"
"REL-0128","bi_projects","created_by","user_profiles","id","NO","CASCADE","SET NULL","Must reference an existing user_profiles record unless nullable."
"REL-0129","bi_projects","updated_by","user_profiles","id","NO","CASCADE","SET NULL","Must reference an existing user_profiles record unless nullable."
"REL-0130","bi_projects","deleted_by","user_profiles","id","NO","CASCADE","SET NULL","Must reference an existing user_profiles record unless nullable."
"REL-0131","bi_projects","active_dashboard_id","bi_dashboards","id","NO","CASCADE","SET NULL","Must reference an existing bi_dashboards record unless nullable."
"REL-0132","bi_projects","active_sheet_id","bi_sheets","id","NO","CASCADE","SET NULL","Must reference an existing bi_sheets record unless nullable."
"REL-0133","bi_projects","owner_user_id","user_profiles","id","NO","CASCADE","SET NULL","Must reference an existing user_profiles record unless nullable."
"REL-0134","bi_project_members","organization_id","organizations","id","YES","CASCADE","RESTRICT","Must reference an existing organizations record unless nullable."
"REL-0135","bi_project_members","branch_id","branches","id","NO","CASCADE","SET NULL","ใช้เมื่อข้อมูลต้องถูกกรองหรือกำหนดสิทธิ์ตามสาขา หากว่างถือว่าเป็นระดับองค์กร"
"REL-0136","bi_project_members","project_id","bi_projects","id","YES","CASCADE","RESTRICT","Must reference an existing bi_projects record unless nullable."
"REL-0137","bi_project_members","status_changed_by","user_profiles","id","NO","CASCADE","SET NULL","Status audit strategy Option A: อ้างผู้ใช้ภายนอกที่เปลี่ยนสถานะล่าสุด"
"REL-0138","bi_project_members","created_by","user_profiles","id","NO","CASCADE","SET NULL","Must reference an existing user_profiles record unless nullable."
"REL-0139","bi_project_members","updated_by","user_profiles","id","NO","CASCADE","SET NULL","Must reference an existing user_profiles record unless nullable."
"REL-0140","bi_project_members","deleted_by","user_profiles","id","NO","CASCADE","SET NULL","Must reference an existing user_profiles record unless nullable."
"REL-0141","bi_project_members","role_id","roles","id","NO","CASCADE","SET NULL","Must reference an existing roles record unless nullable."
"REL-0142","bi_project_members","user_id","user_profiles","id","YES","CASCADE","RESTRICT","Must reference an existing user_profiles record unless nullable."
"REL-0143","bi_sheets","organization_id","organizations","id","YES","CASCADE","RESTRICT","Must reference an existing organizations record unless nullable."
"REL-0144","bi_sheets","branch_id","branches","id","NO","CASCADE","SET NULL","ใช้เมื่อข้อมูลต้องถูกกรองหรือกำหนดสิทธิ์ตามสาขา หากว่างถือว่าเป็นระดับองค์กร"
"REL-0145","bi_sheets","project_id","bi_projects","id","YES","CASCADE","RESTRICT","Must reference an existing bi_projects record unless nullable."
"REL-0146","bi_sheets","status_changed_by","user_profiles","id","NO","CASCADE","SET NULL","Status audit strategy Option A: อ้างผู้ใช้ภายนอกที่เปลี่ยนสถานะล่าสุด"
"REL-0147","bi_sheets","created_by","user_profiles","id","NO","CASCADE","SET NULL","Must reference an existing user_profiles record unless nullable."
"REL-0148","bi_sheets","updated_by","user_profiles","id","NO","CASCADE","SET NULL","Must reference an existing user_profiles record unless nullable."
"REL-0149","bi_sheets","deleted_by","user_profiles","id","NO","CASCADE","SET NULL","Must reference an existing user_profiles record unless nullable."
"REL-0150","workspace_contexts","organization_id","organizations","id","YES","CASCADE","RESTRICT","Must reference an existing organizations record unless nullable."
"REL-0151","workspace_contexts","created_by","user_profiles","id","NO","CASCADE","SET NULL","Must reference an existing user_profiles record unless nullable."
"REL-0152","workspace_contexts","updated_by","user_profiles","id","NO","CASCADE","SET NULL","Must reference an existing user_profiles record unless nullable."
"REL-0153","workspace_contexts","deleted_by","user_profiles","id","NO","CASCADE","SET NULL","Must reference an existing user_profiles record unless nullable."
"REL-0154","workspace_contexts","active_dashboard_id","bi_dashboards","id","NO","CASCADE","SET NULL","Must reference an existing bi_dashboards record unless nullable."
"REL-0155","workspace_contexts","active_project_id","bi_projects","id","NO","CASCADE","SET NULL","Must reference an existing bi_projects record unless nullable."
"REL-0156","workspace_contexts","active_sheet_id","bi_sheets","id","NO","CASCADE","SET NULL","Must reference an existing bi_sheets record unless nullable."
"REL-0157","workspace_contexts","user_id","user_profiles","id","YES","CASCADE","RESTRICT","Must reference an existing user_profiles record unless nullable."
"REL-0158","bi_dashboards","organization_id","organizations","id","YES","CASCADE","RESTRICT","Must reference an existing organizations record unless nullable."
"REL-0159","bi_dashboards","branch_id","branches","id","NO","CASCADE","SET NULL","ใช้เมื่อข้อมูลต้องถูกกรองหรือกำหนดสิทธิ์ตามสาขา หากว่างถือว่าเป็นระดับองค์กร"
"REL-0160","bi_dashboards","project_id","bi_projects","id","YES","CASCADE","RESTRICT","Must reference an existing bi_projects record unless nullable."
"REL-0161","bi_dashboards","status_changed_by","user_profiles","id","NO","CASCADE","SET NULL","Status audit strategy Option A: อ้างผู้ใช้ภายนอกที่เปลี่ยนสถานะล่าสุด"
"REL-0162","bi_dashboards","created_by","user_profiles","id","NO","CASCADE","SET NULL","Must reference an existing user_profiles record unless nullable."
"REL-0163","bi_dashboards","updated_by","user_profiles","id","NO","CASCADE","SET NULL","Must reference an existing user_profiles record unless nullable."
"REL-0164","bi_dashboards","deleted_by","user_profiles","id","NO","CASCADE","SET NULL","Must reference an existing user_profiles record unless nullable."
"REL-0165","bi_dashboards","sheet_id","bi_sheets","id","NO","CASCADE","SET NULL","Must reference an existing bi_sheets record unless nullable."
"REL-0166","dashboard_versions","organization_id","organizations","id","YES","CASCADE","RESTRICT","Must reference an existing organizations record unless nullable."
"REL-0167","dashboard_versions","dashboard_id","bi_dashboards","id","YES","CASCADE","RESTRICT","Must reference an existing bi_dashboards record unless nullable."
"REL-0168","dashboard_versions","created_by","user_profiles","id","NO","CASCADE","SET NULL","Must reference an existing user_profiles record unless nullable."
"REL-0169","dashboard_versions","updated_by","user_profiles","id","NO","CASCADE","SET NULL","Must reference an existing user_profiles record unless nullable."
"REL-0175","dashboard_widgets","organization_id","organizations","id","YES","CASCADE","RESTRICT","Must reference an existing organizations record unless nullable."
"REL-0176","dashboard_widgets","branch_id","branches","id","NO","CASCADE","SET NULL","ใช้เมื่อข้อมูลต้องถูกกรองหรือกำหนดสิทธิ์ตามสาขา หากว่างถือว่าเป็นระดับองค์กร"
"REL-0177","dashboard_widgets","dashboard_id","bi_dashboards","id","YES","CASCADE","RESTRICT","Must reference an existing bi_dashboards record unless nullable."
"REL-0178","dashboard_widgets","status_changed_by","user_profiles","id","NO","CASCADE","SET NULL","Status audit strategy Option A: อ้างผู้ใช้ภายนอกที่เปลี่ยนสถานะล่าสุด"
"REL-0179","dashboard_widgets","created_by","user_profiles","id","NO","CASCADE","SET NULL","Must reference an existing user_profiles record unless nullable."
"REL-0180","dashboard_widgets","updated_by","user_profiles","id","NO","CASCADE","SET NULL","Must reference an existing user_profiles record unless nullable."
"REL-0181","dashboard_widgets","deleted_by","user_profiles","id","NO","CASCADE","SET NULL","Must reference an existing user_profiles record unless nullable."
"REL-0182","dashboard_widgets","source_chart_id","charts","id","NO","CASCADE","SET NULL","Must reference an existing charts record unless nullable."
"REL-0222","dashboard_templates","organization_id","organizations","id","YES","CASCADE","RESTRICT","Must reference an existing organizations record unless nullable."
"REL-0223","dashboard_templates","status_changed_by","user_profiles","id","NO","CASCADE","SET NULL","Status audit strategy Option A: อ้างผู้ใช้ภายนอกที่เปลี่ยนสถานะล่าสุด"
"REL-0224","dashboard_templates","created_by","user_profiles","id","NO","CASCADE","SET NULL","Must reference an existing user_profiles record unless nullable."
"REL-0225","dashboard_templates","updated_by","user_profiles","id","NO","CASCADE","SET NULL","Must reference an existing user_profiles record unless nullable."
"REL-0226","dashboard_templates","deleted_by","user_profiles","id","NO","CASCADE","SET NULL","Must reference an existing user_profiles record unless nullable."
"REL-0227","dashboard_template_widgets","organization_id","organizations","id","YES","CASCADE","RESTRICT","Must reference an existing organizations record unless nullable."
"REL-0228","dashboard_template_widgets","status_changed_by","user_profiles","id","NO","CASCADE","SET NULL","Status audit strategy Option A: อ้างผู้ใช้ภายนอกที่เปลี่ยนสถานะล่าสุด"
"REL-0229","dashboard_template_widgets","created_by","user_profiles","id","NO","CASCADE","SET NULL","Must reference an existing user_profiles record unless nullable."
"REL-0230","dashboard_template_widgets","updated_by","user_profiles","id","NO","CASCADE","SET NULL","Must reference an existing user_profiles record unless nullable."
"REL-0231","dashboard_template_widgets","deleted_by","user_profiles","id","NO","CASCADE","SET NULL","Must reference an existing user_profiles record unless nullable."
"REL-0232","dashboard_template_widgets","template_id","dashboard_templates","id","YES","CASCADE","RESTRICT","Must reference an existing dashboard_templates record unless nullable."
"REL-0233","dashboard_filter_presets","organization_id","organizations","id","YES","CASCADE","RESTRICT","Must reference an existing organizations record unless nullable."
"REL-0234","dashboard_filter_presets","branch_id","branches","id","NO","CASCADE","SET NULL","ใช้เมื่อข้อมูลต้องถูกกรองหรือกำหนดสิทธิ์ตามสาขา หากว่างถือว่าเป็นระดับองค์กร"
"REL-0235","dashboard_filter_presets","dashboard_id","bi_dashboards","id","YES","CASCADE","RESTRICT","Must reference an existing bi_dashboards record unless nullable."
"REL-0236","dashboard_filter_presets","status_changed_by","user_profiles","id","NO","CASCADE","SET NULL","Status audit strategy Option A: อ้างผู้ใช้ภายนอกที่เปลี่ยนสถานะล่าสุด"
"REL-0237","dashboard_filter_presets","created_by","user_profiles","id","NO","CASCADE","SET NULL","Must reference an existing user_profiles record unless nullable."
"REL-0238","dashboard_filter_presets","updated_by","user_profiles","id","NO","CASCADE","SET NULL","Must reference an existing user_profiles record unless nullable."
"REL-0239","dashboard_filter_presets","deleted_by","user_profiles","id","NO","CASCADE","SET NULL","Must reference an existing user_profiles record unless nullable."
"REL-0240","dashboard_filter_presets","owner_user_id","user_profiles","id","NO","CASCADE","SET NULL","Must reference an existing user_profiles record unless nullable."
"REL-0241","dashboard_filter_values","organization_id","organizations","id","YES","CASCADE","RESTRICT","Must reference an existing organizations record unless nullable."
"REL-0242","dashboard_filter_values","status_changed_by","user_profiles","id","NO","CASCADE","SET NULL","Status audit strategy Option A: อ้างผู้ใช้ภายนอกที่เปลี่ยนสถานะล่าสุด"
"REL-0243","dashboard_filter_values","created_by","user_profiles","id","NO","CASCADE","SET NULL","Must reference an existing user_profiles record unless nullable."
"REL-0244","dashboard_filter_values","updated_by","user_profiles","id","NO","CASCADE","SET NULL","Must reference an existing user_profiles record unless nullable."
"REL-0245","dashboard_filter_values","deleted_by","user_profiles","id","NO","CASCADE","SET NULL","Must reference an existing user_profiles record unless nullable."
"REL-0246","dashboard_filter_values","preset_id","dashboard_filter_presets","id","YES","CASCADE","RESTRICT","Must reference an existing dashboard_filter_presets record unless nullable."
"REL-0247","dashboard_interactions","organization_id","organizations","id","YES","CASCADE","RESTRICT","Must reference an existing organizations record unless nullable."
"REL-0248","dashboard_interactions","dashboard_id","bi_dashboards","id","YES","CASCADE","RESTRICT","Must reference an existing bi_dashboards record unless nullable."
"REL-0249","dashboard_interactions","status_changed_by","user_profiles","id","NO","CASCADE","SET NULL","Status audit strategy Option A: อ้างผู้ใช้ภายนอกที่เปลี่ยนสถานะล่าสุด"
"REL-0250","dashboard_interactions","created_by","user_profiles","id","NO","CASCADE","SET NULL","Must reference an existing user_profiles record unless nullable."
"REL-0251","dashboard_interactions","updated_by","user_profiles","id","NO","CASCADE","SET NULL","Must reference an existing user_profiles record unless nullable."
"REL-0252","dashboard_interactions","deleted_by","user_profiles","id","NO","CASCADE","SET NULL","Must reference an existing user_profiles record unless nullable."
"REL-0253","dashboard_interactions","source_widget_id","dashboard_widgets","id","NO","CASCADE","SET NULL","Must reference an existing dashboard_widgets record unless nullable."
"REL-0254","dashboard_drilldown_paths","organization_id","organizations","id","YES","CASCADE","RESTRICT","Must reference an existing organizations record unless nullable."
"REL-0255","dashboard_drilldown_paths","status_changed_by","user_profiles","id","NO","CASCADE","SET NULL","Status audit strategy Option A: อ้างผู้ใช้ภายนอกที่เปลี่ยนสถานะล่าสุด"
"REL-0256","dashboard_drilldown_paths","created_by","user_profiles","id","NO","CASCADE","SET NULL","Must reference an existing user_profiles record unless nullable."
"REL-0257","dashboard_drilldown_paths","updated_by","user_profiles","id","NO","CASCADE","SET NULL","Must reference an existing user_profiles record unless nullable."
"REL-0258","dashboard_drilldown_paths","deleted_by","user_profiles","id","NO","CASCADE","SET NULL","Must reference an existing user_profiles record unless nullable."
"REL-0259","dashboard_drilldown_paths","interaction_id","dashboard_interactions","id","YES","CASCADE","RESTRICT","Must reference an existing dashboard_interactions record unless nullable."
"REL-0260","dashboard_drilldown_paths","source_widget_id","dashboard_widgets","id","NO","CASCADE","SET NULL","Must reference an existing dashboard_widgets record unless nullable."
"REL-0261","saved_views","organization_id","organizations","id","YES","CASCADE","RESTRICT","Must reference an existing organizations record unless nullable."
"REL-0262","saved_views","branch_id","branches","id","NO","CASCADE","SET NULL","ใช้เมื่อข้อมูลต้องถูกกรองหรือกำหนดสิทธิ์ตามสาขา หากว่างถือว่าเป็นระดับองค์กร"
"REL-0263","saved_views","project_id","bi_projects","id","NO","CASCADE","SET NULL","Must reference an existing bi_projects record unless nullable."
"REL-0264","saved_views","dashboard_id","bi_dashboards","id","NO","CASCADE","SET NULL","Must reference an existing bi_dashboards record unless nullable."
"REL-0265","saved_views","status_changed_by","user_profiles","id","NO","CASCADE","SET NULL","Status audit strategy Option A: อ้างผู้ใช้ภายนอกที่เปลี่ยนสถานะล่าสุด"
"REL-0266","saved_views","created_by","user_profiles","id","NO","CASCADE","SET NULL","Must reference an existing user_profiles record unless nullable."
"REL-0267","saved_views","updated_by","user_profiles","id","NO","CASCADE","SET NULL","Must reference an existing user_profiles record unless nullable."
"REL-0268","saved_views","deleted_by","user_profiles","id","NO","CASCADE","SET NULL","Must reference an existing user_profiles record unless nullable."
"REL-0269","saved_views","owner_user_id","user_profiles","id","YES","CASCADE","RESTRICT","Must reference an existing user_profiles record unless nullable."
"REL-0276","chart_types","status_changed_by","user_profiles","id","NO","CASCADE","SET NULL","Status audit strategy Option A: อ้างผู้ใช้ภายนอกที่เปลี่ยนสถานะล่าสุด"
"REL-0277","chart_types","created_by","user_profiles","id","NO","CASCADE","SET NULL","Must reference an existing user_profiles record unless nullable."
"REL-0278","chart_types","updated_by","user_profiles","id","NO","CASCADE","SET NULL","Must reference an existing user_profiles record unless nullable."
"REL-0279","chart_types","deleted_by","user_profiles","id","NO","CASCADE","SET NULL","Must reference an existing user_profiles record unless nullable."
"REL-0280","chart_type_requirements","status_changed_by","user_profiles","id","NO","CASCADE","SET NULL","Status audit strategy Option A: อ้างผู้ใช้ภายนอกที่เปลี่ยนสถานะล่าสุด"
"REL-0281","chart_type_requirements","created_by","user_profiles","id","NO","CASCADE","SET NULL","Must reference an existing user_profiles record unless nullable."
"REL-0282","chart_type_requirements","updated_by","user_profiles","id","NO","CASCADE","SET NULL","Must reference an existing user_profiles record unless nullable."
"REL-0283","chart_type_requirements","deleted_by","user_profiles","id","NO","CASCADE","SET NULL","Must reference an existing user_profiles record unless nullable."
"REL-0284","chart_type_requirements","chart_type_id","chart_types","id","YES","CASCADE","RESTRICT","Must reference an existing chart_types record unless nullable."
"REL-0285","chart_templates","organization_id","organizations","id","YES","CASCADE","RESTRICT","Must reference an existing organizations record unless nullable."
"REL-0286","chart_templates","status_changed_by","user_profiles","id","NO","CASCADE","SET NULL","Status audit strategy Option A: อ้างผู้ใช้ภายนอกที่เปลี่ยนสถานะล่าสุด"
"REL-0287","chart_templates","created_by","user_profiles","id","NO","CASCADE","SET NULL","Must reference an existing user_profiles record unless nullable."
"REL-0288","chart_templates","updated_by","user_profiles","id","NO","CASCADE","SET NULL","Must reference an existing user_profiles record unless nullable."
"REL-0289","chart_templates","deleted_by","user_profiles","id","NO","CASCADE","SET NULL","Must reference an existing user_profiles record unless nullable."
"REL-0290","chart_templates","chart_type_id","chart_types","id","YES","CASCADE","RESTRICT","Must reference an existing chart_types record unless nullable."
"REL-0297","chart_presets","organization_id","organizations","id","YES","CASCADE","RESTRICT","Must reference an existing organizations record unless nullable."
"REL-0298","chart_presets","status_changed_by","user_profiles","id","NO","CASCADE","SET NULL","Status audit strategy Option A: อ้างผู้ใช้ภายนอกที่เปลี่ยนสถานะล่าสุด"
"REL-0299","chart_presets","created_by","user_profiles","id","NO","CASCADE","SET NULL","Must reference an existing user_profiles record unless nullable."
"REL-0300","chart_presets","updated_by","user_profiles","id","NO","CASCADE","SET NULL","Must reference an existing user_profiles record unless nullable."
"REL-0301","chart_presets","deleted_by","user_profiles","id","NO","CASCADE","SET NULL","Must reference an existing user_profiles record unless nullable."
"REL-0302","chart_presets","chart_type_id","chart_types","id","YES","CASCADE","RESTRICT","Must reference an existing chart_types record unless nullable."
"REL-0303","chart_presets","owner_user_id","user_profiles","id","NO","CASCADE","SET NULL","Must reference an existing user_profiles record unless nullable."
"REL-0304","chart_theme_presets","organization_id","organizations","id","YES","CASCADE","RESTRICT","Must reference an existing organizations record unless nullable."
"REL-0305","chart_theme_presets","status_changed_by","user_profiles","id","NO","CASCADE","SET NULL","Status audit strategy Option A: อ้างผู้ใช้ภายนอกที่เปลี่ยนสถานะล่าสุด"
"REL-0306","chart_theme_presets","created_by","user_profiles","id","NO","CASCADE","SET NULL","Must reference an existing user_profiles record unless nullable."
"REL-0307","chart_theme_presets","updated_by","user_profiles","id","NO","CASCADE","SET NULL","Must reference an existing user_profiles record unless nullable."
"REL-0308","chart_theme_presets","deleted_by","user_profiles","id","NO","CASCADE","SET NULL","Must reference an existing user_profiles record unless nullable."
"REL-0309","charts","organization_id","organizations","id","YES","CASCADE","RESTRICT","Must reference an existing organizations record unless nullable."
"REL-0310","charts","branch_id","branches","id","NO","CASCADE","SET NULL","ใช้เมื่อข้อมูลต้องถูกกรองหรือกำหนดสิทธิ์ตามสาขา หากว่างถือว่าเป็นระดับองค์กร"
"REL-0311","charts","project_id","bi_projects","id","YES","CASCADE","RESTRICT","Must reference an existing bi_projects record unless nullable."
"REL-0312","charts","status_changed_by","user_profiles","id","NO","CASCADE","SET NULL","Status audit strategy Option A: อ้างผู้ใช้ภายนอกที่เปลี่ยนสถานะล่าสุด"
"REL-0313","charts","created_by","user_profiles","id","NO","CASCADE","SET NULL","Must reference an existing user_profiles record unless nullable."
"REL-0314","charts","updated_by","user_profiles","id","NO","CASCADE","SET NULL","Must reference an existing user_profiles record unless nullable."
"REL-0315","charts","deleted_by","user_profiles","id","NO","CASCADE","SET NULL","Must reference an existing user_profiles record unless nullable."
"REL-0316","charts","chart_type_id","chart_types","id","YES","CASCADE","RESTRICT","Must reference an existing chart_types record unless nullable."
"REL-0317","charts","dataset_id","datasets","id","NO","CASCADE","SET NULL","Must reference an existing datasets record unless nullable."
"REL-0318","charts","sql_query_id","sql_queries","id","NO","CASCADE","SET NULL","Must reference an existing sql_queries record unless nullable."
"REL-0319","chart_versions","organization_id","organizations","id","YES","CASCADE","RESTRICT","Must reference an existing organizations record unless nullable."
"REL-0320","chart_versions","created_by","user_profiles","id","NO","CASCADE","SET NULL","Must reference an existing user_profiles record unless nullable."
"REL-0321","chart_versions","updated_by","user_profiles","id","NO","CASCADE","SET NULL","Must reference an existing user_profiles record unless nullable."
"REL-0322","chart_versions","chart_id","charts","id","YES","CASCADE","RESTRICT","Must reference an existing charts record unless nullable."
"REL-0351","chart_analytics_overlays","organization_id","organizations","id","YES","CASCADE","RESTRICT","Must reference an existing organizations record unless nullable."
"REL-0352","chart_analytics_overlays","status_changed_by","user_profiles","id","NO","CASCADE","SET NULL","Status audit strategy Option A: อ้างผู้ใช้ภายนอกที่เปลี่ยนสถานะล่าสุด"
"REL-0353","chart_analytics_overlays","created_by","user_profiles","id","NO","CASCADE","SET NULL","Must reference an existing user_profiles record unless nullable."
"REL-0354","chart_analytics_overlays","updated_by","user_profiles","id","NO","CASCADE","SET NULL","Must reference an existing user_profiles record unless nullable."
"REL-0355","chart_analytics_overlays","deleted_by","user_profiles","id","NO","CASCADE","SET NULL","Must reference an existing user_profiles record unless nullable."
"REL-0356","chart_analytics_overlays","chart_id","charts","id","YES","CASCADE","RESTRICT","Must reference an existing charts record unless nullable."
"REL-0357","data_source_types","status_changed_by","user_profiles","id","NO","CASCADE","SET NULL","Status audit strategy Option A: อ้างผู้ใช้ภายนอกที่เปลี่ยนสถานะล่าสุด"
"REL-0358","data_source_types","created_by","user_profiles","id","NO","CASCADE","SET NULL","Must reference an existing user_profiles record unless nullable."
"REL-0359","data_source_types","updated_by","user_profiles","id","NO","CASCADE","SET NULL","Must reference an existing user_profiles record unless nullable."
"REL-0360","data_source_types","deleted_by","user_profiles","id","NO","CASCADE","SET NULL","Must reference an existing user_profiles record unless nullable."
"REL-0361","data_source_connections","organization_id","organizations","id","YES","CASCADE","RESTRICT","Must reference an existing organizations record unless nullable."
"REL-0362","data_source_connections","branch_id","branches","id","NO","CASCADE","SET NULL","ใช้เมื่อข้อมูลต้องถูกกรองหรือกำหนดสิทธิ์ตามสาขา หากว่างถือว่าเป็นระดับองค์กร"
"REL-0363","data_source_connections","status_changed_by","user_profiles","id","NO","CASCADE","SET NULL","Status audit strategy Option A: อ้างผู้ใช้ภายนอกที่เปลี่ยนสถานะล่าสุด"
"REL-0364","data_source_connections","created_by","user_profiles","id","NO","CASCADE","SET NULL","Must reference an existing user_profiles record unless nullable."
"REL-0365","data_source_connections","updated_by","user_profiles","id","NO","CASCADE","SET NULL","Must reference an existing user_profiles record unless nullable."
"REL-0366","data_source_connections","deleted_by","user_profiles","id","NO","CASCADE","SET NULL","Must reference an existing user_profiles record unless nullable."
"REL-0367","data_source_connections","data_source_type_id","data_source_types","id","YES","CASCADE","RESTRICT","Must reference an existing data_source_types record unless nullable."
"REL-0368","data_source_connection_options","organization_id","organizations","id","YES","CASCADE","RESTRICT","Must reference an existing organizations record unless nullable."
"REL-0369","data_source_connection_options","status_changed_by","user_profiles","id","NO","CASCADE","SET NULL","Status audit strategy Option A: อ้างผู้ใช้ภายนอกที่เปลี่ยนสถานะล่าสุด"
"REL-0370","data_source_connection_options","created_by","user_profiles","id","NO","CASCADE","SET NULL","Must reference an existing user_profiles record unless nullable."
"REL-0371","data_source_connection_options","updated_by","user_profiles","id","NO","CASCADE","SET NULL","Must reference an existing user_profiles record unless nullable."
"REL-0372","data_source_connection_options","deleted_by","user_profiles","id","NO","CASCADE","SET NULL","Must reference an existing user_profiles record unless nullable."
"REL-0373","data_source_connection_options","connection_id","data_source_connections","id","YES","CASCADE","RESTRICT","Must reference an existing data_source_connections record unless nullable."
"REL-0374","data_source_secret_references","organization_id","organizations","id","YES","CASCADE","RESTRICT","Must reference an existing organizations record unless nullable."
"REL-0375","data_source_secret_references","status_changed_by","user_profiles","id","NO","CASCADE","SET NULL","Status audit strategy Option A: อ้างผู้ใช้ภายนอกที่เปลี่ยนสถานะล่าสุด"
"REL-0376","data_source_secret_references","created_by","user_profiles","id","NO","CASCADE","SET NULL","Must reference an existing user_profiles record unless nullable."
"REL-0377","data_source_secret_references","updated_by","user_profiles","id","NO","CASCADE","SET NULL","Must reference an existing user_profiles record unless nullable."
"REL-0378","data_source_secret_references","deleted_by","user_profiles","id","NO","CASCADE","SET NULL","Must reference an existing user_profiles record unless nullable."
"REL-0379","data_source_secret_references","connection_id","data_source_connections","id","YES","CASCADE","RESTRICT","Must reference an existing data_source_connections record unless nullable."
"REL-0380","data_source_test_runs","organization_id","organizations","id","YES","CASCADE","RESTRICT","Must reference an existing organizations record unless nullable."
"REL-0381","data_source_test_runs","status_changed_by","user_profiles","id","NO","CASCADE","SET NULL","Status audit strategy Option A: อ้างผู้ใช้ภายนอกที่เปลี่ยนสถานะล่าสุด"
"REL-0382","data_source_test_runs","created_by","user_profiles","id","NO","CASCADE","SET NULL","Must reference an existing user_profiles record unless nullable."
"REL-0383","data_source_test_runs","updated_by","user_profiles","id","NO","CASCADE","SET NULL","Must reference an existing user_profiles record unless nullable."
"REL-0384","data_source_test_runs","connection_id","data_source_connections","id","YES","CASCADE","RESTRICT","Must reference an existing data_source_connections record unless nullable."
"REL-0385","data_source_schemas","organization_id","organizations","id","YES","CASCADE","RESTRICT","Must reference an existing organizations record unless nullable."
"REL-0386","data_source_schemas","status_changed_by","user_profiles","id","NO","CASCADE","SET NULL","Status audit strategy Option A: อ้างผู้ใช้ภายนอกที่เปลี่ยนสถานะล่าสุด"
"REL-0387","data_source_schemas","created_by","user_profiles","id","NO","CASCADE","SET NULL","Must reference an existing user_profiles record unless nullable."
"REL-0388","data_source_schemas","updated_by","user_profiles","id","NO","CASCADE","SET NULL","Must reference an existing user_profiles record unless nullable."
"REL-0389","data_source_schemas","deleted_by","user_profiles","id","NO","CASCADE","SET NULL","Must reference an existing user_profiles record unless nullable."
"REL-0390","data_source_schemas","connection_id","data_source_connections","id","YES","CASCADE","RESTRICT","Must reference an existing data_source_connections record unless nullable."
"REL-0391","data_source_tables","organization_id","organizations","id","YES","CASCADE","RESTRICT","Must reference an existing organizations record unless nullable."
"REL-0392","data_source_tables","status_changed_by","user_profiles","id","NO","CASCADE","SET NULL","Status audit strategy Option A: อ้างผู้ใช้ภายนอกที่เปลี่ยนสถานะล่าสุด"
"REL-0393","data_source_tables","created_by","user_profiles","id","NO","CASCADE","SET NULL","Must reference an existing user_profiles record unless nullable."
"REL-0394","data_source_tables","updated_by","user_profiles","id","NO","CASCADE","SET NULL","Must reference an existing user_profiles record unless nullable."
"REL-0395","data_source_tables","deleted_by","user_profiles","id","NO","CASCADE","SET NULL","Must reference an existing user_profiles record unless nullable."
"REL-0396","data_source_tables","schema_id","data_source_schemas","id","YES","CASCADE","RESTRICT","Must reference an existing data_source_schemas record unless nullable."
"REL-0397","data_source_columns","organization_id","organizations","id","YES","CASCADE","RESTRICT","Must reference an existing organizations record unless nullable."
"REL-0398","data_source_columns","status_changed_by","user_profiles","id","NO","CASCADE","SET NULL","Status audit strategy Option A: อ้างผู้ใช้ภายนอกที่เปลี่ยนสถานะล่าสุด"
"REL-0399","data_source_columns","created_by","user_profiles","id","NO","CASCADE","SET NULL","Must reference an existing user_profiles record unless nullable."
"REL-0400","data_source_columns","updated_by","user_profiles","id","NO","CASCADE","SET NULL","Must reference an existing user_profiles record unless nullable."
"REL-0401","data_source_columns","deleted_by","user_profiles","id","NO","CASCADE","SET NULL","Must reference an existing user_profiles record unless nullable."
"REL-0402","data_source_columns","source_table_id","data_source_tables","id","YES","CASCADE","RESTRICT","Must reference an existing data_source_tables record unless nullable."
"REL-0403","datasets","organization_id","organizations","id","YES","CASCADE","RESTRICT","Must reference an existing organizations record unless nullable."
"REL-0404","datasets","branch_id","branches","id","NO","CASCADE","SET NULL","ใช้เมื่อข้อมูลต้องถูกกรองหรือกำหนดสิทธิ์ตามสาขา หากว่างถือว่าเป็นระดับองค์กร"
"REL-0405","datasets","project_id","bi_projects","id","YES","CASCADE","RESTRICT","Must reference an existing bi_projects record unless nullable."
"REL-0406","datasets","status_changed_by","user_profiles","id","NO","CASCADE","SET NULL","Status audit strategy Option A: อ้างผู้ใช้ภายนอกที่เปลี่ยนสถานะล่าสุด"
"REL-0407","datasets","created_by","user_profiles","id","NO","CASCADE","SET NULL","Must reference an existing user_profiles record unless nullable."
"REL-0408","datasets","updated_by","user_profiles","id","NO","CASCADE","SET NULL","Must reference an existing user_profiles record unless nullable."
"REL-0409","datasets","deleted_by","user_profiles","id","NO","CASCADE","SET NULL","Must reference an existing user_profiles record unless nullable."
"REL-0410","datasets","connection_id","data_source_connections","id","NO","CASCADE","SET NULL","Must reference an existing data_source_connections record unless nullable."
"REL-0411","dataset_versions","organization_id","organizations","id","YES","CASCADE","RESTRICT","Must reference an existing organizations record unless nullable."
"REL-0412","dataset_versions","status_changed_by","user_profiles","id","NO","CASCADE","SET NULL","Status audit strategy Option A: อ้างผู้ใช้ภายนอกที่เปลี่ยนสถานะล่าสุด"
"REL-0413","dataset_versions","created_by","user_profiles","id","NO","CASCADE","SET NULL","Must reference an existing user_profiles record unless nullable."
"REL-0414","dataset_versions","updated_by","user_profiles","id","NO","CASCADE","SET NULL","Must reference an existing user_profiles record unless nullable."
"REL-0415","dataset_versions","deleted_by","user_profiles","id","NO","CASCADE","SET NULL","Must reference an existing user_profiles record unless nullable."
"REL-0416","dataset_versions","dataset_id","datasets","id","YES","CASCADE","RESTRICT","Must reference an existing datasets record unless nullable."
"REL-0417","dataset_versions","source_file_id","files","id","NO","CASCADE","SET NULL","Must reference an existing files record unless nullable."
"REL-0418","dataset_fields","organization_id","organizations","id","YES","CASCADE","RESTRICT","Must reference an existing organizations record unless nullable."
"REL-0419","dataset_fields","status_changed_by","user_profiles","id","NO","CASCADE","SET NULL","Status audit strategy Option A: อ้างผู้ใช้ภายนอกที่เปลี่ยนสถานะล่าสุด"
"REL-0420","dataset_fields","created_by","user_profiles","id","NO","CASCADE","SET NULL","Must reference an existing user_profiles record unless nullable."
"REL-0421","dataset_fields","updated_by","user_profiles","id","NO","CASCADE","SET NULL","Must reference an existing user_profiles record unless nullable."
"REL-0422","dataset_fields","deleted_by","user_profiles","id","NO","CASCADE","SET NULL","Must reference an existing user_profiles record unless nullable."
"REL-0423","dataset_fields","dataset_id","datasets","id","YES","CASCADE","RESTRICT","Must reference an existing datasets record unless nullable."
"REL-0424","dataset_rows","organization_id","organizations","id","YES","CASCADE","RESTRICT","Must reference an existing organizations record unless nullable."
"REL-0425","dataset_rows","status_changed_by","user_profiles","id","NO","CASCADE","SET NULL","Status audit strategy Option A: อ้างผู้ใช้ภายนอกที่เปลี่ยนสถานะล่าสุด"
"REL-0426","dataset_rows","created_by","user_profiles","id","NO","CASCADE","SET NULL","Must reference an existing user_profiles record unless nullable."
"REL-0427","dataset_rows","updated_by","user_profiles","id","NO","CASCADE","SET NULL","Must reference an existing user_profiles record unless nullable."
"REL-0428","dataset_rows","dataset_id","datasets","id","YES","CASCADE","RESTRICT","Must reference an existing datasets record unless nullable."
"REL-0429","dataset_rows","dataset_version_id","dataset_versions","id","NO","CASCADE","SET NULL","Must reference an existing dataset_versions record unless nullable."
"REL-0430","dataset_statistics","organization_id","organizations","id","YES","CASCADE","RESTRICT","Must reference an existing organizations record unless nullable."
"REL-0431","dataset_statistics","status_changed_by","user_profiles","id","NO","CASCADE","SET NULL","Status audit strategy Option A: อ้างผู้ใช้ภายนอกที่เปลี่ยนสถานะล่าสุด"
"REL-0432","dataset_statistics","created_by","user_profiles","id","NO","CASCADE","SET NULL","Must reference an existing user_profiles record unless nullable."
"REL-0433","dataset_statistics","updated_by","user_profiles","id","NO","CASCADE","SET NULL","Must reference an existing user_profiles record unless nullable."
"REL-0434","dataset_statistics","deleted_by","user_profiles","id","NO","CASCADE","SET NULL","Must reference an existing user_profiles record unless nullable."
"REL-0435","dataset_statistics","dataset_field_id","dataset_fields","id","YES","CASCADE","RESTRICT","Must reference an existing dataset_fields record unless nullable."
"REL-0436","dataset_statistics","dataset_id","datasets","id","YES","CASCADE","RESTRICT","Must reference an existing datasets record unless nullable."
"REL-0437","dataset_validation_results","organization_id","organizations","id","YES","CASCADE","RESTRICT","Must reference an existing organizations record unless nullable."
"REL-0438","dataset_validation_results","status_changed_by","user_profiles","id","NO","CASCADE","SET NULL","Status audit strategy Option A: อ้างผู้ใช้ภายนอกที่เปลี่ยนสถานะล่าสุด"
"REL-0439","dataset_validation_results","created_by","user_profiles","id","NO","CASCADE","SET NULL","Must reference an existing user_profiles record unless nullable."
"REL-0440","dataset_validation_results","updated_by","user_profiles","id","NO","CASCADE","SET NULL","Must reference an existing user_profiles record unless nullable."
"REL-0441","dataset_validation_results","deleted_by","user_profiles","id","NO","CASCADE","SET NULL","Must reference an existing user_profiles record unless nullable."
"REL-0442","dataset_validation_results","dataset_field_id","dataset_fields","id","NO","CASCADE","SET NULL","Must reference an existing dataset_fields record unless nullable."
"REL-0443","dataset_validation_results","dataset_id","datasets","id","YES","CASCADE","RESTRICT","Must reference an existing datasets record unless nullable."
"REL-0444","dataset_refresh_jobs","organization_id","organizations","id","YES","CASCADE","RESTRICT","Must reference an existing organizations record unless nullable."
"REL-0445","dataset_refresh_jobs","status_changed_by","user_profiles","id","NO","CASCADE","SET NULL","Status audit strategy Option A: อ้างผู้ใช้ภายนอกที่เปลี่ยนสถานะล่าสุด"
"REL-0446","dataset_refresh_jobs","created_by","user_profiles","id","NO","CASCADE","SET NULL","Must reference an existing user_profiles record unless nullable."
"REL-0447","dataset_refresh_jobs","updated_by","user_profiles","id","NO","CASCADE","SET NULL","Must reference an existing user_profiles record unless nullable."
"REL-0448","dataset_refresh_jobs","deleted_by","user_profiles","id","NO","CASCADE","SET NULL","Must reference an existing user_profiles record unless nullable."
"REL-0449","dataset_refresh_jobs","connection_id","data_source_connections","id","NO","CASCADE","SET NULL","Must reference an existing data_source_connections record unless nullable."
"REL-0450","dataset_refresh_jobs","dataset_id","datasets","id","YES","CASCADE","RESTRICT","Must reference an existing datasets record unless nullable."
"REL-0451","dataset_lineage","organization_id","organizations","id","YES","CASCADE","RESTRICT","Must reference an existing organizations record unless nullable."
"REL-0452","dataset_lineage","status_changed_by","user_profiles","id","NO","CASCADE","SET NULL","Status audit strategy Option A: อ้างผู้ใช้ภายนอกที่เปลี่ยนสถานะล่าสุด"
"REL-0453","dataset_lineage","created_by","user_profiles","id","NO","CASCADE","SET NULL","Must reference an existing user_profiles record unless nullable."
"REL-0454","dataset_lineage","updated_by","user_profiles","id","NO","CASCADE","SET NULL","Must reference an existing user_profiles record unless nullable."
"REL-0455","dataset_lineage","deleted_by","user_profiles","id","NO","CASCADE","SET NULL","Must reference an existing user_profiles record unless nullable."
"REL-0456","import_jobs","organization_id","organizations","id","YES","CASCADE","RESTRICT","Must reference an existing organizations record unless nullable."
"REL-0457","import_jobs","branch_id","branches","id","NO","CASCADE","SET NULL","ใช้เมื่อข้อมูลต้องถูกกรองหรือกำหนดสิทธิ์ตามสาขา หากว่างถือว่าเป็นระดับองค์กร"
"REL-0458","import_jobs","project_id","bi_projects","id","YES","CASCADE","RESTRICT","Must reference an existing bi_projects record unless nullable."
"REL-0459","import_jobs","status_changed_by","user_profiles","id","NO","CASCADE","SET NULL","Status audit strategy Option A: อ้างผู้ใช้ภายนอกที่เปลี่ยนสถานะล่าสุด"
"REL-0460","import_jobs","created_by","user_profiles","id","NO","CASCADE","SET NULL","Must reference an existing user_profiles record unless nullable."
"REL-0461","import_jobs","updated_by","user_profiles","id","NO","CASCADE","SET NULL","Must reference an existing user_profiles record unless nullable."
"REL-0462","import_jobs","deleted_by","user_profiles","id","NO","CASCADE","SET NULL","Must reference an existing user_profiles record unless nullable."
"REL-0463","import_jobs","dataset_id","datasets","id","NO","CASCADE","SET NULL","Must reference an existing datasets record unless nullable."
"REL-0464","import_jobs","source_file_id","files","id","NO","CASCADE","SET NULL","Must reference an existing files record unless nullable."
"REL-0465","import_job_rows","organization_id","organizations","id","YES","CASCADE","RESTRICT","Must reference an existing organizations record unless nullable."
"REL-0466","import_job_rows","status_changed_by","user_profiles","id","NO","CASCADE","SET NULL","Status audit strategy Option A: อ้างผู้ใช้ภายนอกที่เปลี่ยนสถานะล่าสุด"
"REL-0467","import_job_rows","created_by","user_profiles","id","NO","CASCADE","SET NULL","Must reference an existing user_profiles record unless nullable."
"REL-0468","import_job_rows","updated_by","user_profiles","id","NO","CASCADE","SET NULL","Must reference an existing user_profiles record unless nullable."
"REL-0469","import_job_rows","import_job_id","import_jobs","id","YES","CASCADE","RESTRICT","Must reference an existing import_jobs record unless nullable."
"REL-0470","import_errors","organization_id","organizations","id","YES","CASCADE","RESTRICT","Must reference an existing organizations record unless nullable."
"REL-0471","import_errors","status_changed_by","user_profiles","id","NO","CASCADE","SET NULL","Status audit strategy Option A: อ้างผู้ใช้ภายนอกที่เปลี่ยนสถานะล่าสุด"
"REL-0472","import_errors","created_by","user_profiles","id","NO","CASCADE","SET NULL","Must reference an existing user_profiles record unless nullable."
"REL-0473","import_errors","updated_by","user_profiles","id","NO","CASCADE","SET NULL","Must reference an existing user_profiles record unless nullable."
"REL-0474","import_errors","import_job_id","import_jobs","id","YES","CASCADE","RESTRICT","Must reference an existing import_jobs record unless nullable."
"REL-0475","import_errors","import_job_row_id","import_job_rows","id","NO","CASCADE","SET NULL","Must reference an existing import_job_rows record unless nullable."
"REL-0476","sql_queries","organization_id","organizations","id","YES","CASCADE","RESTRICT","Must reference an existing organizations record unless nullable."
"REL-0477","sql_queries","branch_id","branches","id","NO","CASCADE","SET NULL","ใช้เมื่อข้อมูลต้องถูกกรองหรือกำหนดสิทธิ์ตามสาขา หากว่างถือว่าเป็นระดับองค์กร"
"REL-0478","sql_queries","project_id","bi_projects","id","YES","CASCADE","RESTRICT","Must reference an existing bi_projects record unless nullable."
"REL-0479","sql_queries","status_changed_by","user_profiles","id","NO","CASCADE","SET NULL","Status audit strategy Option A: อ้างผู้ใช้ภายนอกที่เปลี่ยนสถานะล่าสุด"
"REL-0480","sql_queries","created_by","user_profiles","id","NO","CASCADE","SET NULL","Must reference an existing user_profiles record unless nullable."
"REL-0481","sql_queries","updated_by","user_profiles","id","NO","CASCADE","SET NULL","Must reference an existing user_profiles record unless nullable."
"REL-0482","sql_queries","deleted_by","user_profiles","id","NO","CASCADE","SET NULL","Must reference an existing user_profiles record unless nullable."
"REL-0483","sql_queries","connection_id","data_source_connections","id","NO","CASCADE","SET NULL","Must reference an existing data_source_connections record unless nullable."
"REL-0484","sql_queries","dataset_id","datasets","id","NO","CASCADE","SET NULL","Must reference an existing datasets record unless nullable."
"REL-0485","sql_query_versions","organization_id","organizations","id","YES","CASCADE","RESTRICT","Must reference an existing organizations record unless nullable."
"REL-0486","sql_query_versions","created_by","user_profiles","id","NO","CASCADE","SET NULL","Must reference an existing user_profiles record unless nullable."
"REL-0487","sql_query_versions","updated_by","user_profiles","id","NO","CASCADE","SET NULL","Must reference an existing user_profiles record unless nullable."
"REL-0488","sql_query_versions","sql_query_id","sql_queries","id","YES","CASCADE","RESTRICT","Must reference an existing sql_queries record unless nullable."
"REL-0489","sql_query_runs","organization_id","organizations","id","YES","CASCADE","RESTRICT","Must reference an existing organizations record unless nullable."
"REL-0490","sql_query_runs","status_changed_by","user_profiles","id","NO","CASCADE","SET NULL","Status audit strategy Option A: อ้างผู้ใช้ภายนอกที่เปลี่ยนสถานะล่าสุด"
"REL-0491","sql_query_runs","created_by","user_profiles","id","NO","CASCADE","SET NULL","Must reference an existing user_profiles record unless nullable."
"REL-0492","sql_query_runs","updated_by","user_profiles","id","NO","CASCADE","SET NULL","Must reference an existing user_profiles record unless nullable."
"REL-0493","sql_query_runs","connection_id","data_source_connections","id","NO","CASCADE","SET NULL","Must reference an existing data_source_connections record unless nullable."
"REL-0494","sql_query_runs","sql_query_id","sql_queries","id","NO","CASCADE","SET NULL","Must reference an existing sql_queries record unless nullable."
"REL-0495","sql_query_results","organization_id","organizations","id","YES","CASCADE","RESTRICT","Must reference an existing organizations record unless nullable."
"REL-0496","sql_query_results","created_by","user_profiles","id","NO","CASCADE","SET NULL","Must reference an existing user_profiles record unless nullable."
"REL-0497","sql_query_results","updated_by","user_profiles","id","NO","CASCADE","SET NULL","Must reference an existing user_profiles record unless nullable."
"REL-0498","sql_query_results","query_run_id","sql_query_runs","id","YES","CASCADE","RESTRICT","Must reference an existing sql_query_runs record unless nullable."
"REL-0499","sql_query_result_columns","organization_id","organizations","id","YES","CASCADE","RESTRICT","Must reference an existing organizations record unless nullable."
"REL-0500","sql_query_result_columns","status_changed_by","user_profiles","id","NO","CASCADE","SET NULL","Status audit strategy Option A: อ้างผู้ใช้ภายนอกที่เปลี่ยนสถานะล่าสุด"
"REL-0501","sql_query_result_columns","created_by","user_profiles","id","NO","CASCADE","SET NULL","Must reference an existing user_profiles record unless nullable."
"REL-0502","sql_query_result_columns","updated_by","user_profiles","id","NO","CASCADE","SET NULL","Must reference an existing user_profiles record unless nullable."
"REL-0503","sql_query_result_columns","query_result_id","sql_query_results","id","YES","CASCADE","RESTRICT","Must reference an existing sql_query_results record unless nullable."
"REL-0504","sql_query_result_rows","organization_id","organizations","id","YES","CASCADE","RESTRICT","Must reference an existing organizations record unless nullable."
"REL-0505","sql_query_result_rows","status_changed_by","user_profiles","id","NO","CASCADE","SET NULL","Status audit strategy Option A: อ้างผู้ใช้ภายนอกที่เปลี่ยนสถานะล่าสุด"
"REL-0506","sql_query_result_rows","created_by","user_profiles","id","NO","CASCADE","SET NULL","Must reference an existing user_profiles record unless nullable."
"REL-0507","sql_query_result_rows","updated_by","user_profiles","id","NO","CASCADE","SET NULL","Must reference an existing user_profiles record unless nullable."
"REL-0508","sql_query_result_rows","query_result_id","sql_query_results","id","YES","CASCADE","RESTRICT","Must reference an existing sql_query_results record unless nullable."
"REL-0509","sql_query_saved_parameters","organization_id","organizations","id","YES","CASCADE","RESTRICT","Must reference an existing organizations record unless nullable."
"REL-0510","sql_query_saved_parameters","status_changed_by","user_profiles","id","NO","CASCADE","SET NULL","Status audit strategy Option A: อ้างผู้ใช้ภายนอกที่เปลี่ยนสถานะล่าสุด"
"REL-0511","sql_query_saved_parameters","created_by","user_profiles","id","NO","CASCADE","SET NULL","Must reference an existing user_profiles record unless nullable."
"REL-0512","sql_query_saved_parameters","updated_by","user_profiles","id","NO","CASCADE","SET NULL","Must reference an existing user_profiles record unless nullable."
"REL-0513","sql_query_saved_parameters","deleted_by","user_profiles","id","NO","CASCADE","SET NULL","Must reference an existing user_profiles record unless nullable."
"REL-0514","sql_query_saved_parameters","sql_query_id","sql_queries","id","YES","CASCADE","RESTRICT","Must reference an existing sql_queries record unless nullable."
"REL-0515","dashboard_share_links","organization_id","organizations","id","YES","CASCADE","RESTRICT","Must reference an existing organizations record unless nullable."
"REL-0516","dashboard_share_links","branch_id","branches","id","NO","CASCADE","SET NULL","ใช้เมื่อข้อมูลต้องถูกกรองหรือกำหนดสิทธิ์ตามสาขา หากว่างถือว่าเป็นระดับองค์กร"
"REL-0517","dashboard_share_links","dashboard_id","bi_dashboards","id","YES","CASCADE","RESTRICT","Must reference an existing bi_dashboards record unless nullable."
"REL-0518","dashboard_share_links","status_changed_by","user_profiles","id","NO","CASCADE","SET NULL","Status audit strategy Option A: อ้างผู้ใช้ภายนอกที่เปลี่ยนสถานะล่าสุด"
"REL-0519","dashboard_share_links","created_by","user_profiles","id","NO","CASCADE","SET NULL","Must reference an existing user_profiles record unless nullable."
"REL-0520","dashboard_share_links","updated_by","user_profiles","id","NO","CASCADE","SET NULL","Must reference an existing user_profiles record unless nullable."
"REL-0521","dashboard_share_links","deleted_by","user_profiles","id","NO","CASCADE","SET NULL","Must reference an existing user_profiles record unless nullable."
"REL-0522","dashboard_share_links","revoked_by","user_profiles","id","NO","CASCADE","SET NULL","Must reference an existing user_profiles record unless nullable."
"REL-0523","dashboard_share_snapshots","organization_id","organizations","id","YES","CASCADE","RESTRICT","Must reference an existing organizations record unless nullable."
"REL-0524","dashboard_share_snapshots","status_changed_by","user_profiles","id","NO","CASCADE","SET NULL","Status audit strategy Option A: อ้างผู้ใช้ภายนอกที่เปลี่ยนสถานะล่าสุด"
"REL-0525","dashboard_share_snapshots","created_by","user_profiles","id","NO","CASCADE","SET NULL","Must reference an existing user_profiles record unless nullable."
"REL-0526","dashboard_share_snapshots","updated_by","user_profiles","id","NO","CASCADE","SET NULL","Must reference an existing user_profiles record unless nullable."
"REL-0527","dashboard_share_snapshots","deleted_by","user_profiles","id","NO","CASCADE","SET NULL","Must reference an existing user_profiles record unless nullable."
"REL-0528","dashboard_share_snapshots","dashboard_version_id","dashboard_versions","id","NO","CASCADE","SET NULL","Must reference an existing dashboard_versions record unless nullable."
"REL-0529","dashboard_share_snapshots","share_link_id","dashboard_share_links","id","YES","CASCADE","RESTRICT","Must reference an existing dashboard_share_links record unless nullable."
"REL-0530","dashboard_share_access_logs","organization_id","organizations","id","YES","CASCADE","RESTRICT","Must reference an existing organizations record unless nullable."
"REL-0531","dashboard_share_access_logs","created_by","user_profiles","id","NO","CASCADE","SET NULL","Must reference an existing user_profiles record unless nullable."
"REL-0532","dashboard_share_access_logs","updated_by","user_profiles","id","NO","CASCADE","SET NULL","Must reference an existing user_profiles record unless nullable."
"REL-0533","dashboard_share_access_logs","share_link_id","dashboard_share_links","id","YES","CASCADE","RESTRICT","Must reference an existing dashboard_share_links record unless nullable."
"REL-0534","embed_settings","organization_id","organizations","id","YES","CASCADE","RESTRICT","Must reference an existing organizations record unless nullable."
"REL-0535","embed_settings","status_changed_by","user_profiles","id","NO","CASCADE","SET NULL","Status audit strategy Option A: อ้างผู้ใช้ภายนอกที่เปลี่ยนสถานะล่าสุด"
"REL-0536","embed_settings","created_by","user_profiles","id","NO","CASCADE","SET NULL","Must reference an existing user_profiles record unless nullable."
"REL-0537","embed_settings","updated_by","user_profiles","id","NO","CASCADE","SET NULL","Must reference an existing user_profiles record unless nullable."
"REL-0538","embed_settings","deleted_by","user_profiles","id","NO","CASCADE","SET NULL","Must reference an existing user_profiles record unless nullable."
"REL-0539","embed_settings","share_link_id","dashboard_share_links","id","YES","CASCADE","RESTRICT","Must reference an existing dashboard_share_links record unless nullable."
"REL-0540","export_jobs","organization_id","organizations","id","YES","CASCADE","RESTRICT","Must reference an existing organizations record unless nullable."
"REL-0541","export_jobs","branch_id","branches","id","NO","CASCADE","SET NULL","ใช้เมื่อข้อมูลต้องถูกกรองหรือกำหนดสิทธิ์ตามสาขา หากว่างถือว่าเป็นระดับองค์กร"
"REL-0542","export_jobs","project_id","bi_projects","id","YES","CASCADE","RESTRICT","Must reference an existing bi_projects record unless nullable."
"REL-0543","export_jobs","status_changed_by","user_profiles","id","NO","CASCADE","SET NULL","Status audit strategy Option A: อ้างผู้ใช้ภายนอกที่เปลี่ยนสถานะล่าสุด"
"REL-0544","export_jobs","created_by","user_profiles","id","NO","CASCADE","SET NULL","Must reference an existing user_profiles record unless nullable."
"REL-0545","export_jobs","updated_by","user_profiles","id","NO","CASCADE","SET NULL","Must reference an existing user_profiles record unless nullable."
"REL-0546","export_jobs","deleted_by","user_profiles","id","NO","CASCADE","SET NULL","Must reference an existing user_profiles record unless nullable."
"REL-0547","export_files","organization_id","organizations","id","YES","CASCADE","RESTRICT","Must reference an existing organizations record unless nullable."
"REL-0548","export_files","status_changed_by","user_profiles","id","NO","CASCADE","SET NULL","Status audit strategy Option A: อ้างผู้ใช้ภายนอกที่เปลี่ยนสถานะล่าสุด"
"REL-0549","export_files","created_by","user_profiles","id","NO","CASCADE","SET NULL","Must reference an existing user_profiles record unless nullable."
"REL-0550","export_files","updated_by","user_profiles","id","NO","CASCADE","SET NULL","Must reference an existing user_profiles record unless nullable."
"REL-0551","export_files","deleted_by","user_profiles","id","NO","CASCADE","SET NULL","Must reference an existing user_profiles record unless nullable."
"REL-0552","export_files","export_job_id","export_jobs","id","YES","CASCADE","RESTRICT","Must reference an existing export_jobs record unless nullable."
"REL-0553","export_files","file_id","files","id","YES","CASCADE","RESTRICT","Must reference an existing files record unless nullable."
"REL-0554","chart_exports","organization_id","organizations","id","YES","CASCADE","RESTRICT","Must reference an existing organizations record unless nullable."
"REL-0555","chart_exports","status_changed_by","user_profiles","id","NO","CASCADE","SET NULL","Status audit strategy Option A: อ้างผู้ใช้ภายนอกที่เปลี่ยนสถานะล่าสุด"
"REL-0556","chart_exports","created_by","user_profiles","id","NO","CASCADE","SET NULL","Must reference an existing user_profiles record unless nullable."
"REL-0557","chart_exports","updated_by","user_profiles","id","NO","CASCADE","SET NULL","Must reference an existing user_profiles record unless nullable."
"REL-0558","chart_exports","deleted_by","user_profiles","id","NO","CASCADE","SET NULL","Must reference an existing user_profiles record unless nullable."
"REL-0559","chart_exports","chart_id","charts","id","YES","CASCADE","RESTRICT","Must reference an existing charts record unless nullable."
"REL-0560","chart_exports","chart_version_id","chart_versions","id","NO","CASCADE","SET NULL","Must reference an existing chart_versions record unless nullable."
"REL-0561","chart_exports","export_job_id","export_jobs","id","YES","CASCADE","RESTRICT","Must reference an existing export_jobs record unless nullable."
"REL-0562","dashboard_exports","organization_id","organizations","id","YES","CASCADE","RESTRICT","Must reference an existing organizations record unless nullable."
"REL-0563","dashboard_exports","dashboard_id","bi_dashboards","id","YES","CASCADE","RESTRICT","Must reference an existing bi_dashboards record unless nullable."
"REL-0564","dashboard_exports","status_changed_by","user_profiles","id","NO","CASCADE","SET NULL","Status audit strategy Option A: อ้างผู้ใช้ภายนอกที่เปลี่ยนสถานะล่าสุด"
"REL-0565","dashboard_exports","created_by","user_profiles","id","NO","CASCADE","SET NULL","Must reference an existing user_profiles record unless nullable."
"REL-0566","dashboard_exports","updated_by","user_profiles","id","NO","CASCADE","SET NULL","Must reference an existing user_profiles record unless nullable."
"REL-0567","dashboard_exports","deleted_by","user_profiles","id","NO","CASCADE","SET NULL","Must reference an existing user_profiles record unless nullable."
"REL-0568","dashboard_exports","dashboard_version_id","dashboard_versions","id","NO","CASCADE","SET NULL","Must reference an existing dashboard_versions record unless nullable."
"REL-0569","dashboard_exports","export_job_id","export_jobs","id","YES","CASCADE","RESTRICT","Must reference an existing export_jobs record unless nullable."
"REL-0570","report_definitions","organization_id","organizations","id","YES","CASCADE","RESTRICT","Must reference an existing organizations record unless nullable."
"REL-0571","report_definitions","branch_id","branches","id","NO","CASCADE","SET NULL","ใช้เมื่อข้อมูลต้องถูกกรองหรือกำหนดสิทธิ์ตามสาขา หากว่างถือว่าเป็นระดับองค์กร"
"REL-0572","report_definitions","project_id","bi_projects","id","YES","CASCADE","RESTRICT","Must reference an existing bi_projects record unless nullable."
"REL-0573","report_definitions","dashboard_id","bi_dashboards","id","NO","CASCADE","SET NULL","Must reference an existing bi_dashboards record unless nullable."
"REL-0574","report_definitions","status_changed_by","user_profiles","id","NO","CASCADE","SET NULL","Status audit strategy Option A: อ้างผู้ใช้ภายนอกที่เปลี่ยนสถานะล่าสุด"
"REL-0575","report_definitions","created_by","user_profiles","id","NO","CASCADE","SET NULL","Must reference an existing user_profiles record unless nullable."
"REL-0576","report_definitions","updated_by","user_profiles","id","NO","CASCADE","SET NULL","Must reference an existing user_profiles record unless nullable."
"REL-0577","report_definitions","deleted_by","user_profiles","id","NO","CASCADE","SET NULL","Must reference an existing user_profiles record unless nullable."
"REL-0578","report_definitions","sql_query_id","sql_queries","id","NO","CASCADE","SET NULL","Must reference an existing sql_queries record unless nullable."
"REL-0579","report_parameters","organization_id","organizations","id","YES","CASCADE","RESTRICT","Must reference an existing organizations record unless nullable."
"REL-0580","report_parameters","status_changed_by","user_profiles","id","NO","CASCADE","SET NULL","Status audit strategy Option A: อ้างผู้ใช้ภายนอกที่เปลี่ยนสถานะล่าสุด"
"REL-0581","report_parameters","created_by","user_profiles","id","NO","CASCADE","SET NULL","Must reference an existing user_profiles record unless nullable."
"REL-0582","report_parameters","updated_by","user_profiles","id","NO","CASCADE","SET NULL","Must reference an existing user_profiles record unless nullable."
"REL-0583","report_parameters","deleted_by","user_profiles","id","NO","CASCADE","SET NULL","Must reference an existing user_profiles record unless nullable."
"REL-0584","report_parameters","report_definition_id","report_definitions","id","YES","CASCADE","RESTRICT","Must reference an existing report_definitions record unless nullable."
"REL-0585","report_runs","organization_id","organizations","id","YES","CASCADE","RESTRICT","Must reference an existing organizations record unless nullable."
"REL-0586","report_runs","status_changed_by","user_profiles","id","NO","CASCADE","SET NULL","Status audit strategy Option A: อ้างผู้ใช้ภายนอกที่เปลี่ยนสถานะล่าสุด"
"REL-0587","report_runs","created_by","user_profiles","id","NO","CASCADE","SET NULL","Must reference an existing user_profiles record unless nullable."
"REL-0588","report_runs","updated_by","user_profiles","id","NO","CASCADE","SET NULL","Must reference an existing user_profiles record unless nullable."
"REL-0589","report_runs","deleted_by","user_profiles","id","NO","CASCADE","SET NULL","Must reference an existing user_profiles record unless nullable."
"REL-0590","report_runs","report_definition_id","report_definitions","id","YES","CASCADE","RESTRICT","Must reference an existing report_definitions record unless nullable."
"REL-0591","report_exports","organization_id","organizations","id","YES","CASCADE","RESTRICT","Must reference an existing organizations record unless nullable."
"REL-0592","report_exports","status_changed_by","user_profiles","id","NO","CASCADE","SET NULL","Status audit strategy Option A: อ้างผู้ใช้ภายนอกที่เปลี่ยนสถานะล่าสุด"
"REL-0593","report_exports","created_by","user_profiles","id","NO","CASCADE","SET NULL","Must reference an existing user_profiles record unless nullable."
"REL-0594","report_exports","updated_by","user_profiles","id","NO","CASCADE","SET NULL","Must reference an existing user_profiles record unless nullable."
"REL-0595","report_exports","deleted_by","user_profiles","id","NO","CASCADE","SET NULL","Must reference an existing user_profiles record unless nullable."
"REL-0596","report_exports","export_file_id","export_files","id","NO","CASCADE","SET NULL","Must reference an existing export_files record unless nullable."
"REL-0597","report_exports","file_id","files","id","NO","CASCADE","SET NULL","Must reference an existing files record unless nullable."
"REL-0598","report_exports","report_run_id","report_runs","id","YES","CASCADE","RESTRICT","Must reference an existing report_runs record unless nullable."
"REL-0599","user_preferences","organization_id","organizations","id","YES","CASCADE","RESTRICT","Must reference an existing organizations record unless nullable."
"REL-0600","user_preferences","status_changed_by","user_profiles","id","NO","CASCADE","SET NULL","Status audit strategy Option A: อ้างผู้ใช้ภายนอกที่เปลี่ยนสถานะล่าสุด"
"REL-0601","user_preferences","created_by","user_profiles","id","NO","CASCADE","SET NULL","Must reference an existing user_profiles record unless nullable."
"REL-0602","user_preferences","updated_by","user_profiles","id","NO","CASCADE","SET NULL","Must reference an existing user_profiles record unless nullable."
"REL-0603","user_preferences","deleted_by","user_profiles","id","NO","CASCADE","SET NULL","Must reference an existing user_profiles record unless nullable."
"REL-0604","user_preferences","user_id","user_profiles","id","YES","CASCADE","RESTRICT","Must reference an existing user_profiles record unless nullable."
"REL-0760","files","organization_id","organizations","id","YES","CASCADE","RESTRICT","Must reference an existing organizations record unless nullable."
"REL-0761","files","branch_id","branches","id","NO","CASCADE","SET NULL","ใช้เมื่อข้อมูลต้องถูกกรองหรือกำหนดสิทธิ์ตามสาขา หากว่างถือว่าเป็นระดับองค์กร"
"REL-0762","files","status_changed_by","user_profiles","id","NO","CASCADE","SET NULL","Status audit strategy Option A: อ้างผู้ใช้ภายนอกที่เปลี่ยนสถานะล่าสุด"
"REL-0763","files","created_by","user_profiles","id","NO","CASCADE","SET NULL","Must reference an existing user_profiles record unless nullable."
"REL-0764","files","updated_by","user_profiles","id","NO","CASCADE","SET NULL","Must reference an existing user_profiles record unless nullable."
"REL-0765","files","deleted_by","user_profiles","id","NO","CASCADE","SET NULL","Must reference an existing user_profiles record unless nullable."
"REL-0766","files","uploaded_by","user_profiles","id","NO","CASCADE","SET NULL","Must reference an existing user_profiles record unless nullable."
"REL-0767","file_versions","organization_id","organizations","id","YES","CASCADE","RESTRICT","Must reference an existing organizations record unless nullable."
"REL-0768","file_versions","status_changed_by","user_profiles","id","NO","CASCADE","SET NULL","Status audit strategy Option A: อ้างผู้ใช้ภายนอกที่เปลี่ยนสถานะล่าสุด"
"REL-0769","file_versions","created_by","user_profiles","id","NO","CASCADE","SET NULL","Must reference an existing user_profiles record unless nullable."
"REL-0770","file_versions","updated_by","user_profiles","id","NO","CASCADE","SET NULL","Must reference an existing user_profiles record unless nullable."
"REL-0771","file_versions","deleted_by","user_profiles","id","NO","CASCADE","SET NULL","Must reference an existing user_profiles record unless nullable."
"REL-0772","file_versions","file_id","files","id","YES","CASCADE","RESTRICT","Must reference an existing files record unless nullable."
"REL-0808","audit_logs","organization_id","organizations","id","YES","CASCADE","RESTRICT","Must reference an existing organizations record unless nullable."
"REL-0809","audit_logs","branch_id","branches","id","NO","CASCADE","SET NULL","ใช้เมื่อข้อมูลต้องถูกกรองหรือกำหนดสิทธิ์ตามสาขา หากว่างถือว่าเป็นระดับองค์กร"
"REL-0810","audit_logs","created_by","user_profiles","id","NO","CASCADE","SET NULL","Must reference an existing user_profiles record unless nullable."
"REL-0811","audit_logs","updated_by","user_profiles","id","NO","CASCADE","SET NULL","Must reference an existing user_profiles record unless nullable."
"REL-0812","audit_logs","actor_user_id","user_profiles","id","NO","CASCADE","SET NULL","Must reference an existing user_profiles record unless nullable."
"REL-0816","error_logs","organization_id","organizations","id","YES","CASCADE","RESTRICT","Must reference an existing organizations record unless nullable."
"REL-0817","error_logs","status_changed_by","user_profiles","id","NO","CASCADE","SET NULL","Status audit strategy Option A: อ้างผู้ใช้ภายนอกที่เปลี่ยนสถานะล่าสุด"
"REL-0818","error_logs","created_by","user_profiles","id","NO","CASCADE","SET NULL","Must reference an existing user_profiles record unless nullable."
"REL-0819","error_logs","updated_by","user_profiles","id","NO","CASCADE","SET NULL","Must reference an existing user_profiles record unless nullable."
"REL-0820","api_request_logs","organization_id","organizations","id","YES","CASCADE","RESTRICT","Must reference an existing organizations record unless nullable."
"REL-0821","api_request_logs","created_by","user_profiles","id","NO","CASCADE","SET NULL","Must reference an existing user_profiles record unless nullable."
"REL-0822","api_request_logs","updated_by","user_profiles","id","NO","CASCADE","SET NULL","Must reference an existing user_profiles record unless nullable."
"REL-0823","api_request_logs","user_id","user_profiles","id","NO","CASCADE","SET NULL","Must reference an existing user_profiles record unless nullable."
"REL-0828","retention_policies","organization_id","organizations","id","YES","CASCADE","RESTRICT","Must reference an existing organizations record unless nullable."
"REL-0829","retention_policies","status_changed_by","user_profiles","id","NO","CASCADE","SET NULL","Status audit strategy Option A: อ้างผู้ใช้ภายนอกที่เปลี่ยนสถานะล่าสุด"
"REL-0830","retention_policies","created_by","user_profiles","id","NO","CASCADE","SET NULL","Must reference an existing user_profiles record unless nullable."
"REL-0831","retention_policies","updated_by","user_profiles","id","NO","CASCADE","SET NULL","Must reference an existing user_profiles record unless nullable."
"REL-0832","retention_policies","deleted_by","user_profiles","id","NO","CASCADE","SET NULL","Must reference an existing user_profiles record unless nullable."
"REL-0876","data_quality_rules","organization_id","organizations","id","YES","CASCADE","RESTRICT","Must reference an existing organizations record unless nullable."
"REL-0877","data_quality_rules","status_changed_by","user_profiles","id","NO","CASCADE","SET NULL","Status audit strategy Option A: อ้างผู้ใช้ภายนอกที่เปลี่ยนสถานะล่าสุด"
"REL-0878","data_quality_rules","created_by","user_profiles","id","NO","CASCADE","SET NULL","Must reference an existing user_profiles record unless nullable."
"REL-0879","data_quality_rules","updated_by","user_profiles","id","NO","CASCADE","SET NULL","Must reference an existing user_profiles record unless nullable."
"REL-0880","data_quality_rules","deleted_by","user_profiles","id","NO","CASCADE","SET NULL","Must reference an existing user_profiles record unless nullable."
"REL-0881","data_quality_rule_assignments","organization_id","organizations","id","YES","CASCADE","RESTRICT","Must reference an existing organizations record unless nullable."
"REL-0882","data_quality_rule_assignments","status_changed_by","user_profiles","id","NO","CASCADE","SET NULL","Status audit strategy Option A: อ้างผู้ใช้ภายนอกที่เปลี่ยนสถานะล่าสุด"
"REL-0883","data_quality_rule_assignments","created_by","user_profiles","id","NO","CASCADE","SET NULL","Must reference an existing user_profiles record unless nullable."
"REL-0884","data_quality_rule_assignments","updated_by","user_profiles","id","NO","CASCADE","SET NULL","Must reference an existing user_profiles record unless nullable."
"REL-0885","data_quality_rule_assignments","deleted_by","user_profiles","id","NO","CASCADE","SET NULL","Must reference an existing user_profiles record unless nullable."
"REL-0886","data_quality_rule_assignments","rule_id","data_quality_rules","id","YES","CASCADE","RESTRICT","Must reference an existing data_quality_rules record unless nullable."
"REL-0887","data_quality_findings","organization_id","organizations","id","YES","CASCADE","RESTRICT","Must reference an existing organizations record unless nullable."
"REL-0888","data_quality_findings","status_changed_by","user_profiles","id","NO","CASCADE","SET NULL","Status audit strategy Option A: อ้างผู้ใช้ภายนอกที่เปลี่ยนสถานะล่าสุด"
"REL-0889","data_quality_findings","created_by","user_profiles","id","NO","CASCADE","SET NULL","Must reference an existing user_profiles record unless nullable."
"REL-0890","data_quality_findings","updated_by","user_profiles","id","NO","CASCADE","SET NULL","Must reference an existing user_profiles record unless nullable."
"REL-0891","data_quality_findings","deleted_by","user_profiles","id","NO","CASCADE","SET NULL","Must reference an existing user_profiles record unless nullable."
"REL-0892","data_quality_findings","rule_id","data_quality_rules","id","NO","CASCADE","SET NULL","Must reference an existing data_quality_rules record unless nullable."
"REL-0893","sensitivity_labels","organization_id","organizations","id","YES","CASCADE","RESTRICT","Must reference an existing organizations record unless nullable."
"REL-0894","sensitivity_labels","status_changed_by","user_profiles","id","NO","CASCADE","SET NULL","Status audit strategy Option A: อ้างผู้ใช้ภายนอกที่เปลี่ยนสถานะล่าสุด"
"REL-0895","sensitivity_labels","created_by","user_profiles","id","NO","CASCADE","SET NULL","Must reference an existing user_profiles record unless nullable."
"REL-0896","sensitivity_labels","updated_by","user_profiles","id","NO","CASCADE","SET NULL","Must reference an existing user_profiles record unless nullable."
"REL-0897","sensitivity_labels","deleted_by","user_profiles","id","NO","CASCADE","SET NULL","Must reference an existing user_profiles record unless nullable."
"REL-0898","sensitivity_label_assignments","organization_id","organizations","id","YES","CASCADE","RESTRICT","Must reference an existing organizations record unless nullable."
"REL-0899","sensitivity_label_assignments","status_changed_by","user_profiles","id","NO","CASCADE","SET NULL","Status audit strategy Option A: อ้างผู้ใช้ภายนอกที่เปลี่ยนสถานะล่าสุด"
"REL-0900","sensitivity_label_assignments","created_by","user_profiles","id","NO","CASCADE","SET NULL","Must reference an existing user_profiles record unless nullable."
"REL-0901","sensitivity_label_assignments","updated_by","user_profiles","id","NO","CASCADE","SET NULL","Must reference an existing user_profiles record unless nullable."
"REL-0902","sensitivity_label_assignments","deleted_by","user_profiles","id","NO","CASCADE","SET NULL","Must reference an existing user_profiles record unless nullable."
"REL-0903","sensitivity_label_assignments","sensitivity_label_id","sensitivity_labels","id","YES","CASCADE","RESTRICT","Must reference an existing sensitivity_labels record unless nullable."
"REL-0904","asset_certifications","organization_id","organizations","id","YES","CASCADE","RESTRICT","Must reference an existing organizations record unless nullable."
"REL-0905","asset_certifications","status_changed_by","user_profiles","id","NO","CASCADE","SET NULL","Status audit strategy Option A: อ้างผู้ใช้ภายนอกที่เปลี่ยนสถานะล่าสุด"
"REL-0906","asset_certifications","created_by","user_profiles","id","NO","CASCADE","SET NULL","Must reference an existing user_profiles record unless nullable."
"REL-0907","asset_certifications","updated_by","user_profiles","id","NO","CASCADE","SET NULL","Must reference an existing user_profiles record unless nullable."
"REL-0908","asset_certifications","deleted_by","user_profiles","id","NO","CASCADE","SET NULL","Must reference an existing user_profiles record unless nullable."
"REL-0909","asset_certifications","certified_by","user_profiles","id","NO","CASCADE","SET NULL","Must reference an existing user_profiles record unless nullable."
"REL-0915","webhook_endpoints","organization_id","organizations","id","YES","CASCADE","RESTRICT","Must reference an existing organizations record unless nullable."
"REL-0916","webhook_endpoints","status_changed_by","user_profiles","id","NO","CASCADE","SET NULL","Status audit strategy Option A: อ้างผู้ใช้ภายนอกที่เปลี่ยนสถานะล่าสุด"
"REL-0917","webhook_endpoints","created_by","user_profiles","id","NO","CASCADE","SET NULL","Must reference an existing user_profiles record unless nullable."
"REL-0918","webhook_endpoints","updated_by","user_profiles","id","NO","CASCADE","SET NULL","Must reference an existing user_profiles record unless nullable."
"REL-0919","webhook_endpoints","deleted_by","user_profiles","id","NO","CASCADE","SET NULL","Must reference an existing user_profiles record unless nullable."
"REL-0920","webhook_events","organization_id","organizations","id","YES","CASCADE","RESTRICT","Must reference an existing organizations record unless nullable."
"REL-0921","webhook_events","status_changed_by","user_profiles","id","NO","CASCADE","SET NULL","Status audit strategy Option A: อ้างผู้ใช้ภายนอกที่เปลี่ยนสถานะล่าสุด"
"REL-0922","webhook_events","created_by","user_profiles","id","NO","CASCADE","SET NULL","Must reference an existing user_profiles record unless nullable."
"REL-0923","webhook_events","updated_by","user_profiles","id","NO","CASCADE","SET NULL","Must reference an existing user_profiles record unless nullable."
"REL-0924","webhook_events","deleted_by","user_profiles","id","NO","CASCADE","SET NULL","Must reference an existing user_profiles record unless nullable."
"REL-0925","webhook_delivery_attempts","organization_id","organizations","id","YES","CASCADE","RESTRICT","Must reference an existing organizations record unless nullable."
"REL-0926","webhook_delivery_attempts","status_changed_by","user_profiles","id","NO","CASCADE","SET NULL","Status audit strategy Option A: อ้างผู้ใช้ภายนอกที่เปลี่ยนสถานะล่าสุด"
"REL-0927","webhook_delivery_attempts","created_by","user_profiles","id","NO","CASCADE","SET NULL","Must reference an existing user_profiles record unless nullable."
"REL-0928","webhook_delivery_attempts","updated_by","user_profiles","id","NO","CASCADE","SET NULL","Must reference an existing user_profiles record unless nullable."
"REL-0929","webhook_delivery_attempts","webhook_endpoint_id","webhook_endpoints","id","YES","CASCADE","RESTRICT","Must reference an existing webhook_endpoints record unless nullable."
"REL-0930","webhook_delivery_attempts","webhook_event_id","webhook_events","id","YES","CASCADE","RESTRICT","Must reference an existing webhook_events record unless nullable."
